{
  "project_info": {
    "project_number": "440815590303",
    "firebase_url": "https://letstalk-2f0fa.firebaseio.com",
    "project_id": "letstalk-2f0fa",
    "storage_bucket": "letstalk-2f0fa.appspot.com"
  },
  "client": [
    {
      "client_info": {
        "mobilesdk_app_id": "1:440815590303:android:686d7a8695e0151e",
        "android_client_info": {
          "package_name": "com.example.letstalk"
        }
      },
      "oauth_client": [
        {
          "client_id": "440815590303-3caod34tuqhrfq5ib6hrj6ii8n2rrii0.apps.googleusercontent.com",
          "client_type": 1,
          "android_info": {
            "package_name": "com.example.letstalk",
            "certificate_hash": "8d81e68285e5c22e3f25d84d0a616f6c6a9d1839"
          }
        },
        {
          "client_id": "440815590303-446ppitmgr95cr3504aaie90qhid49ck.apps.googleusercontent.com",
          "client_type": 3
        }
      ],
      "api_key": [
        {
          "current_key": "AIzaSyBbSxi4-AVt_eLL4yRHNujUAll-wS4Du8A"
        }
      ],
      "services": {
        "appinvite_service": {
          "other_platform_oauth_client": [
            {
              "client_id": "440815590303-446ppitmgr95cr3504aaie90qhid49ck.apps.googleusercontent.com",
              "client_type": 3
            }
          ]
        }
      }
    }
  ],
  "configuration_version": "1"
}